0,1
alcatel a3 xl max 32gb 3gb ram quad-core,"alcatel a3 plus tela 5,5"
alcatel one touch pop c7 tela 5 '' dual chip camera 8mp android 4.2 3g processador quad core 1.3 ghz vivo,alcatel pop c7 dual chip android 4.2 tela 5 '' 4gb 3g camera 8mp
apple iphone 5c 16gb original apple,iphone 5c apple 8gb usado
"apple iphone 8 plus 64gb tela 5,5",iphone 6 plus 64gb apple
asus zenfone 2 ze551ml 4g android 5.0 intel quad core 2.3ghz 16gb camera 13mp tela 5.5,asus zenfone 2 ze551ml 64gb 4g dual chip tela 5.5 '' cam 13mp
asus zenfone 3 max zc553kl 32gb tela 5.5 dual chip android 6.0 4g camera 16mp processador octa-core 3gb ram,asus zenfone 3 max 32gb tela 5.5 3gb ram zc553kl
asus zenfone 3 zoom ze553kl 32gb tela 5.5 dual chip android 6.0 4g camera dual 12mp processador octa-core 3gb ram,"asus zenfone zoom s ze553kl 64gb android 6 tela 5,5 '' 4gb ram camera dual 12+12mp"
asus zenfone 3 zoom ze553kl 64gb tela 5.5 '' dual chip camera 13mp 4g android 6.0 processador octa-core ram 4gb,"asus zenfone zoom s ze553kl 64gb android 6 tela 5,5 '' 4gb ram camera dual 12+12mp"
asus zenfone 3 zoom ze553kl 64gb tela 5.5 dual chip android 6.0 4g camera dual 12mp processador octa-core 4gb ram,"asus zenfone zoom s ze553kl 64gb android 6 tela 5,5 '' 4gb ram camera dual 12+12mp"
asus zenfone 3 zoom ze553kl 64gb tela 5.5 dual chip android 6.0 4g camera dual 12mp processador octa-core 4gb ram,"asus zenfone zoom s ze553kl 64gb android 6 tela 5,5 '' 4gb ram camera dual 12+12mp"
asus zenfone 4 max zc554kl 16gb tela 5.5 '' dual chip camera traseira dupla 4g android 7.0 processador quad core 2gb ram,asus zenfone 4 zc554kl 32gb 3 ram
asus zenfone 4 max zc554kl 32gb tela 5.5 '' dual chip camera traseira dupla 4g android 7.0 processador octa core 3gb ram,asus zenfone 4 zc554kl 32gb 3 ram
asus zenfone 4 max zc554kl 16gb tela 5.5 '' dual chip camera traseira dupla 4g android 7.0 processador quad core 2gb ram,asus zenfone 4 zc554kl 32gb 3 ram
asus zenfone 4 max zc554kl 32gb tela 5.5 '' dual chip camera traseira dupla 4g android 7.0 processador octa core 3gb ram,asus zenfone 4 zc554kl 32gb 3 ram
asus zenfone 4 max zc554kl 16gb tela 5.5 '' dual chip camera traseira dupla 4g android 7.0 processador quad core 2gb ram,asus zenfone 4 zc554kl 32gb 3 ram
asus zenfone 4 max zc554kl 32gb tela 5.5 '' dual chip camera traseira dupla 4g android 7.0 processador octa core 3gb ram,asus zenfone 4 zc554kl 32gb 3 ram
asus zenfone 4 selfie pro zd552kl 64gb tela 5.5 '' dual chip camera frontal dupla android 7.0 processador octa core 4gb ram,asus zenfone 5 selfie pro 128gb tela 6.0 '' 4gb ram processador octa core android 7.0
asus zenfone 4 selfie pro zd552kl 64gb tela 5.5 '' dual chip camera frontal dupla android 7.0 processador octa core 4gb ram,asus zenfone 5 selfie pro 128gb tela 6.0 '' 4gb ram processador octa core android 7.0
asus zenfone 4 selfie pro zd552kl 64gb tela 5.5 '' dual chip camera frontal dupla android 7.0 processador octa core 4gb ram,asus zenfone 5 selfie pro 128gb tela 6.0 '' 4gb ram processador octa core android 7.0
asus zenfone 4 selfie zd553kl 64gb tela 5.5 '' dual chip camera frontal dupla android 7.0 processador octa core 4gb ram,asus zenfone 4 selfie 64gb zd553kl
asus zenfone 4 selfie zd553kl 64gb tela 5.5 '' dual chip camera frontal dupla android 7.0 processador octa core 4gb ram,asus zenfone 4 selfie 64gb zd553kl
asus zenfone 4 selfie zd553kl 64gb tela 5.5 '' dual chip camera frontal dupla android 7.0 processador octa core 4gb ram,asus zenfone 4 selfie 64gb zd553kl
asus zenfone 4 selfie zd553kl 64gb tela 5.5 '' dual chip camera frontal dupla android 7.0 processador octa core 4gb ram,asus zenfone 4 selfie 64gb zd553kl
asus zenfone 4 ze554kl 64gb tela 5.5 '' dual chip camera traseira dupla 4g android 7.0 processador octa core 4gb ram,"asus zenfone 4 64gb dual chip android 7 tela 5,5 '' camera 12mp ze554kl-1a055br"
asus zenfone 4 ze554kl 64gb tela 5.5 '' dual chip camera traseira dupla 4g android 7.0 processador octa core 6gb ram,asus zenfone 4 6gb ram dual chip android tela 5.5 '' snapdragon 64gb 4g camera dual traseira 12mp 8mp camera frontal 8mp
asus zenfone 4 ze554kl 64gb tela 5.5 '' dual chip camera traseira dupla 4g android 7.0 processador octa core 4gb ram,"asus zenfone 4 64gb dual chip android 7 tela 5,5 '' camera 12mp ze554kl-1a055br"
asus zenfone 4 ze554kl 64gb tela 5.5 '' dual chip camera traseira dupla 4g android 7.0 processador octa core 6gb ram,asus zenfone 4 6gb ram dual chip android tela 5.5 '' snapdragon 64gb 4g camera dual traseira 12mp 8mp camera frontal 8mp
asus zenfone 4 ze554kl 64gb tela 5.5 '' dual chip camera traseira dupla 4g android 7.0 processador octa core 4gb ram,"asus zenfone 4 64gb dual chip android 7 tela 5,5 '' camera 12mp ze554kl-1a055br"
asus zenfone 4 ze554kl 64gb tela 5.5 '' dual chip camera traseira dupla 4g android 7.0 processador octa core 6gb ram,asus zenfone 4 6gb ram dual chip android tela 5.5 '' snapdragon 64gb 4g camera dual traseira 12mp 8mp camera frontal 8mp
asus zenfone ii ze551 16gb 4g tela 5.5 ze551ml-6c705ww bvolt,asus zenfone 2 ze551ml 64gb dual
barato xiaomi mi note 4 leitor digital 32gb,xiaomi mi note 7 tela infinita 6.3 pol ram 4gb 64gb camera dupla 48/5mp
blu vivo xi+ plus dual sim 128gb 6gb ram tela 6.2,blu v. xi+ dual sim lte 6.2 '' fhd 128gb/6gb
cat caterpillar s60 lte 32gb pronta entrega,cat s60 dualsim 4g 3g ram 32gb
caterpillar cat s60 32gb 4g original nf-e,cat s60 dualsim 4g 3g ram 32gb
caterpillar cat s60 32gb cam termica 4g,cat s60 dualsim 4g 3g ram 32gb
original lg k4 8gb 2017 2 chips quad core,lg k4 2017 x230f 8gb single chip tela 5.0
samsung galaxy s6 edge sm-g925i 64gb tela 5.1 '' android 5.0 4g camera 16 mp processador octa core,galaxy s6 edge samsung g925i 64gb
huawei mate 10 lite 64gb 4 gb ram dualsim tela 5.9,samsung galaxy 10 32gb
huawei p20 lite lx3 single sim 32gb lacrado,huawei p20 pro twilight
lenovo k8 note 32gb 3gb ram 4g dual sim tela 5.5,lenovo k8 note 32gb dual sim xt1902-3
lenovo k8 plus 32gb mem 3gb ram dual 4g,motorola moto g6 32gb mem 3gb ram 2 chip 4g
lenovo k8 plus 32gb mem 3gb ram dual 4g 5.2pol,motorola moto g6 32gb mem 3gb ram 2 chip 4g
lenovo vibe k6 plus 32gb tela 5.5 '' camera 16mp 4g dual chip android 6.0 ram 3gb processador qualcomm octa-core,lenovo vibe k6 plus dual chip android tela 5.5 '' 32gb 4g camera 16mp
lenovo vibe k6 plus grafite 32gb tela 5.5 '' camera 16mp 4g dual chip android 6.0 ram 3gb processador qualcomm octa-core,lenovo vibe k6 plus dual chip android tela 5.5 '' 32gb 4g camera 16mp grafite
lg g2 lite d295 tela 4.5 '' dual chip android 4.4 camera 8mp 3g processador quad core 1.2ghz,lg g2 lite d295 dual chip android 4.4 tela 4.5 '' 4gb 3g wi-fi camera 8mp
lg k10 m250ds novo 32gb dual chip tela 5.3 '' hd 4g android 7.0 camera 13mp processador octa core 1.5 ghz,"lg k10 novo 2017 4g m250ds 16gb tela 5,3"
lg k10 novo 2017 32gb 2g ram frete gratis,usado lg k10 novo 32gb
lg k10 novo m250ds novo nota fiscal,"lg k10 novo 2017 4g m250ds 16gb tela 5,3"
lg k10 novo m250ds 32gb dual chip tela 5.3 '' hd 4g android 7.0 camera 13mp processador octa core 1.5 ghz,"lg k10 novo 2017 4g m250ds 16gb tela 5,3"
lg k10 novo m250ds tiio 32gb dual chip tela 5.3 '' hd 4g android 7.0 camera 13mp processador octa core 1.5 ghz,"lg k10 novo dual chip android 7.0 tela 5,3 '' 32gb 4g 13mp tiio"
lg k10 pro lgm400df tiio 32gb dual chip tela 5.7 '' hd android 7.0 camera 13mp processador octa core 1.5 ghz,lg k10 pro dual chip android 7.0 tela 5.7 '' octacore 1.5 ghz 32gb 4g camera 13mp
lg k10 tv 16gb dual chip tela 5.3 '' hd 4g android 6.0 camera 13mp processador octa core 1.14 ghz,lg k10 m250ev dual chip android 6.0 tela 5.3 octa core 1.14 ghz 16gb 4g camera 13mp
"lg k10 tv power 32gb dual chip tela 5,5 '' hd tv digital 4g android 7.0 camera 13mp processador octa core 1.5 ghz",lg k10 dual chip android 6 tela 5.3 '' 16gb 4g camera 13mp tv digital
lg k10 tv power tiio 32gb dual chip tela 5.5 '' hd tv digital 4g android 7.0 camera 13mp processador octa core 1.5 ghz,lg k10 dual chip android 6 tela 5.3 '' 16gb 4g camera 13mp tv digital
lg k4 8gb dual chip tela 4.5 '' 4g android 5.1 camera 5mp processador quad core 1ghz,lg k4 4g 4.5 '' 5mp 8gb quad-core 1ghz android 5.1 lollipop
lg k4 novo tiio x230ds tela 5 '' 8gb 8mp oi,lg k4 novo x230ds tela 5 '' 8gb 8mp oi
lg k4 novo x230 8gb lte dual sim tela 5.0 '' -,lg k4 novo x230 8gb lte dual sim tela 5.0 '' -
lg k9 tv 16gb tela 5.0 '' hd android 7.0 camera 8mp,lg k9 tela 5 '' hd 16gb camera traseira 8mp
lg l90 dual d410 tela 4.7 '' dual chip android 4.4 camera 8mp processador quad core 1.2 ghz,lg d410 l90 dual chip android 4.4 kit kat tela 4.7 '' 8gb 3g wi-fi camera 8mp
lg optimus l7 ii dual p716 dual chip tela 4.3 '' android 4.1 camera 8mp 3g wi-fi agps tooth cartao 4gb lg optimus l7 ii dual,lg optimus l7 ii android 4.1 tela 4.3 '' 4gb 3g wi-fi camera 8mp
lg q6+ platinum 64gb tela 5.5 '' android 7.0 4g camera 13mp processador octa-core 4gb ram,usado lg q6 32gb platinum
meizu m5c dual sim 4g 2gb ram 16gb,meizu m5c 5 '' hd 2gb ram 16gb dual chip 4g quadcore camera 8mp/5mp
meizu m5c dual sim 4g 2gb ram 16gb,meizu m5c 5 '' hd 2gb ram 16gb dual chip 4g quadcore camera 8mp/5mp
microsoft lumia 640xl dual windows phone 8.1 tela 5.7 '' dual chip 3g camera 13mp processador quad core 1.2 ghz,microsoft lumia 640 xl dual chip windows phone 8.1 tela 5.7 '' 8gb 3g camera 13mp
moto c xt1758 16gb tela 5 5mp/2mp 100 original,motorola moto c xt1758 8gb
moto z2 play 64gb xt1710 5.5 full hd 4gb ram,moto z2 play xt1710 dual 64gb usado
motorola g5s plus 32gb android barato 4g,motorola moto g5s plus 32gb dual chip 4g tela 5.5
motorola moto c plus 16gb mem 4g dual 2gb ram,motorola moto g6 32gb mem 3gb ram 2 chip 4g
motorola moto c plus 16gb mem 4g dual 2gb ram,motorola moto g6 32gb mem 3gb ram 2 chip 4g
motorola moto c plus android 7.0 16gb dual chip,motorola moto c plus dual android 7.0 tela 5
motorola moto c plus xt1723 dual sim lte 5.0 '' 16gb cam.8mp+2mp-,moto c dual sim 16gb motorola tela 5.0 5mp/2mp
motorola moto c plus xt1723 dualchip16gb original,motorola moto g6 plus original 64gb
motorola moto c plus xt1726 8gb tela 5 '' tv digital dual chip android 7.0 4g camera 8mp processador quad-core 1gb ram,motorola moto c plus dual chip android 7.0 tela 5 '' quad-core 16gb 4g wi-fi camera 8mp
motorola moto e4 plus safira 16gb tela 5.5 '' dual chip android 7.1 bateria 5.000 mah camera 13mp processador quad-core 2gb ram,moto e4 plus safira
motorola moto e4 plus biometria 3g ram tela 5.5,motorola moto e4 plus 3+16gb
motorola moto e4 plus 16gb tela 5.5 '' dual chip android 7.1 bateria 5.000 mah camera 13mp processador quad-core 2gb ram,samsung galaxy j4 16gb tela 5.5 '' dual chip 4g camera 13mp android 8.0 processador quad core ram 2gb
motorola moto e4 plus tiium 16gb tela 5.5 '' dual chip android 7.1 bateria 5.000 mah camera 13mp processador quad-core 2gb ram,motorola moto e4 plus dual chip 16gb tiium
motorola moto e4 plus xt1771 xt1773 16gb 5.5,motorola moto e4 plus 16gb xt1771
motorola moto e4 xt1763 safira 16gb tela 5 '' dual chip android 7.1 4g camera 8mp processador quad-core 2gb ram,samsung galaxy j4 16gb tela 5.5 '' dual chip 4g camera 13mp android 8.0 processador quad core ram 2gb
motorola moto e4 xt1763 16gb tela 5 '' dual chip android 7.1 4g camera 8mp processador quad-core 2gb ram,samsung galaxy j4 16gb tela 5.5 '' dual chip 4g camera 13mp android 8.0 processador quad core ram 2gb
motorola moto e4 xt1763 16gb tela 5 '' dual chip android 7.1 4g camera 8mp processador quad-core 2gb ram,samsung galaxy j4 16gb tela 5.5 '' dual chip 4g camera 13mp android 8.0 processador quad core ram 2gb
motorola moto e4 xt1763 tiium 16gb tela 5 '' dual chip android 7.1 4g camera 8mp processador quad-core 2gb ram,motorola moto e4 dual chip 16gb tiium
motorola moto e5 plus dual chip prom dia cria,motorola moto e5 plus dual chip 16gb
motorola moto e5 xt1944 16gb tela 5.7 '' dual chip android 8.0 4g camera 13mp processador quad-core 2gb ram,samsung galaxy j4 16gb tela 5.5 '' dual chip 4g camera 13mp android 8.0 processador quad core ram 2gb
motorola moto e5 xt1944 platinum 16gb tela 5.7 '' dual chip android 8.0 4g camera 13mp processador quad-core 2gb ram,motorola moto e5 dual chip android oreo 8.0 tela 5.7 '' quad-core 1.4 ghz 16gb 4g camera 13mp platinum
motorola moto g5s plus 32gb mem 3gb ram dual,motorola moto g6 32gb mem 3gb ram 2 chip 4g
motorola moto g5s plus xt1802 topazio 32gb tela 5.5 '' dual chip tv digital android 7.1 camera traseira dupla 13mp 3gb ram,moto g5s plus motorola xt1802 dual tv 32gb
motorola moto g5s plus xt1802 32gb tela 5.5 '' dual chip tv digital android 7.1 camera traseira dupla 13mp 3gb ram,moto g5s plus motorola xt1802 dual tv 32gb
motorola moto g5s plus xt1802 platinum 32gb tela 5.5 '' dual chip tv digital android 7.1 camera traseira dupla 13mp 3gb ram,moto g5s plus xt1802 dual tv platinum 32gb
motorola moto g5s xt1792 32gb tela 5.2 '' dual chip android 7.1 4g camera 16mp processador octa-core 2gb ram,moto g5s xt1792 32gb
motorola moto g5s xt1792 platinum 32gb tela 5.2 '' dual chip android 7.1 4g camera 16mp processador octa-core 2gb ram,moto g5s xt1792 32gb platinum
motorola moto g5s xt1794 dual sim 32gb 5.2 16mp,moto g5s dual xt1794 32gb
motorola moto g6 play 32gb 3gb octacore,"motorola moto g6 32gb/3gb 5,7"
motorola moto g6 play 32gb xt1922/i,moto g6 play motorola xt1922-5 32gb
motorola moto g6 play 32 gb xt1922,moto g6 play motorola xt1922-5 32gb
motorola moto g6 play 32 gb xt1922/o,moto g6 play motorola xt1922-5 32gb
motorola moto g6 play xt1922 32gb tela 5.7 '' dual chip android 8.0 4g camera 13mp processador octa-core 3gb ram,moto g6 play motorola xt1922-5 32gb
motorola moto g6 play xt1922 32gb tela 5.7 '' dual chip android 8.0 4g camera 13mp processador octa-core 3gb ram,moto g6 play motorola xt1922-5 32gb
motorola moto g6 plus 64gb 4gb octacore,motorola moto g6 dual tela 5.7 4gb+64gb
motorola moto g6 plus 64gb 4gb octacore,motorola moto g6 dual tela 5.7 4gb+64gb
motorola moto g6 plus 64gb topazio,motorola moto g6 plus 64gb topazio
motorola moto g6 plus 64gb xt1926/i,motorola moto g6 plus xt1926-9 64gb dual-sim
motorola moto g6 plus 64gb octacore2.2ghz topazio,motorola moto g6 plus 64gb topazio
motorola moto g6 plus xt1926 64gb tela 5.9 '' dual chip android 8.0 camera traseira dupla processador octa-core 4gb ram,motorola moto g6 plus xt1926-9 64gb dual-sim
motorola moto z2 play 360 camera edition topazio 64gb tela 5.5 '' dual chip camera 12mp android 7.1 processador octa-core 4gb ram,motorola moto z2 play camera 360 edition dual chip android 7.0 tela 5.5 '' octa-core 64gb 4g camera 12mp topazio
motorola moto z2 play gamepad edition platinum 64gb tela 5.5 '' dual chip camera 12mp android 7.1 processador octa-core 4gb ram,motorola moto z2 play gamepad edition dual chip android 7.0 tela 5.5 '' octa-core 64gb wi-fi 4g camera 12mp platinum
motorola moto z2 play polaroid edition dualchip,motorola moto z2 play power edition tela 5.5
motorola moto z2 play power edition 64gb tela 5.5 '' dual chip camera 12mp android 7.1 processador octa-core 4gb ram,motorola moto z2 play power edition tela 5.5
motorola moto z2 play power edition platinum 64gb tela 5.5 '' dual chip camera 12mp android 7.1 processador octa-core 4gb ram,motorola moto z2 play gamepad edition dual chip android 7.0 tela 5.5 '' octa-core 64gb wi-fi 4g camera 12mp platinum
motorola moto z2 play projector edition platinum 64gb tela 5.5 '' dual chip camera 12mp android 7.1 processador octa-core 4gb ram,motorola moto z2 play projector edition platinum
motorola moto z2 play sound edition 64gb tela 5.5 '' dual chip camera 12mp android 7.1 processador octa-core 4gb ram,"motorola moto z2 play sound edition dual chip android 7.1.1 nougat tela 5,5 '' octa-core 2.2 ghz 64gb 4g camera 12mp platinum"
motorola moto z2 play sound edition platinum 64gb tela 5.5 '' dual chip camera 12mp android 7.1 processador octa-core 4gb ram,"motorola moto z2 play sound edition dual chip android 7.1.1 nougat tela 5,5 '' octa-core 2.2 ghz 64gb 4g camera 12mp platinum"
motorola moto z2 play xt1710 4gb/64gb 5.5 '' dual,usado moto z2 play motorola xt1710 dual 64gb
motorola moto z2 play xt1710 topazio 64gb tela 5.5 '' dual chip camera 12mp android 7.1 processador octa-core 4gb ram,usado moto z2 play motorola xt1710 dual 64gb topazio
motorola moto z2 play xt1710 64gb tela 5.5 '' dual chip camera 12mp android 7.1 processador octa-core 4gb ram,usado moto z2 play motorola xt1710 dual 64gb
motorola moto z2 play xt1710 platinum 64gb tela 5.5 '' dual chip camera 12mp android 7.1 processador octa-core 4gb ram,usado moto z2 play motorola xt1710 dual 64gb platinum
motorola moto z3 play 128gb dual android 8.1 onix,usado motorola moto z3 play 128gb onix excelente
motorola moto z3 play 128gb dual android 8.1 onix,usado motorola moto z3 play 128gb onix excelente
motorola moto z3 play 64gb lacrado,usado motorola moto z3 play 64gb
motorola moto z3 play gamepad 64gb tela 6 '' dual chip camera traseira dupla android 8.1 processador octa-core 4gb ram,motorola moto z3 play dual chip android oreo 8.0 tela 6 '' octa-core 1.8 ghz 64gb 4g camera 12 5mp dual traseira
motorola moto z3 play power pack dtv 64gb,motorola moto z3 play power pack dtv edition tela 6 '' camera 12 5mp
motorola moto z3 play stereo speaker 64gb tela 6,motorola moto z3 play stereo speaker edition tela 6 '' camera 12 5mp
multilaser ms50 colors tela 5.0 '' dual chip android 5.0 camera 8mp wi-fi 3g tooth processador quad core 1.3 ghz,multilaser ms50 colors dual chip android 5 '' quad-core 4 8gb 3g 8mp 3 cases
multilaser ms50 colors tela 5.0 '' dual chip android 5.0 camera 8mp wi-fi 3g tooth processador quad core 1.3 ghz,multilaser ms50 colors dual chip android 5 '' quad-core 4 8gb 3g 8mp 3 cases
multilaser ms50 senior tela 5.0 '' dual chip android 5.0 camera 8mp wi-fi 3g tooth processador quad core 1.3 ghz,mirage 61s dual chip android tela 5 '' processador quad core 1.3 ghz 8gb 3g/wi-fi camera 8mp
positivo quattro x435 dual chip tela 5 '' android 5.1 camera 5mp 4g wi-fi tooth processador quad core 1.0ghz,positivo quattro dual 4g x435 android 5.1 lollipop 8gb camera 5mp tela 5.0 ''
samsung a530f galaxy a8 duos dual tela 5.6 64gb,galaxy a8 duos 2018 a530f/ds 64gb
samsung a530f galaxy a8 duos dual tela 5.6 64gb,galaxy a8 duos 2018 a530f/ds 64gb
samsung a530f galaxy a8 duos dual tela 5.6 64gb,galaxy a8 duos 2018 a530f/ds 64gb
samsung galaxy a5 4g duos a500m/ds dual chip tela 5 '' android 4.4 cam.13mp processador quad core 1.2ghz,samsung galaxy a5 duos dual chip android 4.4 tela 5 '' 16gb 4g camera 13mp
samsung galaxy a7 2017 64gb,usado samsung galaxy a7 2017
samsung galaxy a7 4g duos sm-a700fd dual chip tela 5.5 '' 4g android 4.4 camera 13mp processador octa core,samsung galaxy a7 duos dual chip android 4.4 tela 5.5 '' 16gb 4g camera 13mp
samsung galaxy a8 plus 64gb dual chip display infinito 6 '' android 7.1 camera 16mp protecao ip68 octa core ram 4g,samsung galaxy a8 plus dual chip android 7.1 tela 6 '' octa-core 2.2ghz 64gb 4g camera 16mp
samsung galaxy a8 plus 64gb dual chip display infinito 6 '' android 7.1 camera 16mp protecao ip68 octa core ram 4gb,samsung galaxy a8 plus dual chip android 7.1 tela 6 '' octa-core 2.2ghz 64gb 4g camera 16mp
samsung galaxy a8 plus 64gb dual chip display infinito 6 '' android 7.1 camera 16mp protecao ip68 octa core ram 4gb,samsung galaxy a8 plus dual chip android 7.1 tela 6 '' octa-core 2.2ghz 64gb 4g camera 16mp
samsung galaxy ace 4 duos g313m/ds tela 4 '' dual chip android 4.4 camera 5mp 3g processador dual core 1ghz,samsung galaxy ace 4 duos sm-g313m 1ghz dual core 4 5mp 4gb
samsung galaxy ace 4 duos g313m/ds tela 4 '' dual chip android 4.4 camera 5mp 3g processador dual core 1ghz,samsung galaxy ace 4 duos sm-g313m 1ghz dual core 4 5mp 4gb
samsung galaxy ace 4 lite duos g313m tela 4 '' dual chip android 4.4 camera 3mp 3g wifi processador 1ghz,samsung galaxy ace 4 duos sm-g313m 1ghz dual core 4 5mp 4gb
samsung galaxy core plus tela 4.3 '' tv digital dual chip android 4.3 processador dual core 1.2 ghz camera 5mp,samsung galaxy core plus dual chip android 4.3 tela 4.3 '' 4gb 3g wi-fi camera 5mp tv digital
samsung galaxy e5 4g duos e500m/ds dual chip tela 5 '' hd samoled android 4.4 camera 8mp processador quad core 1.2ghz,samsung galaxy e5 duos dual chip android 4.4 tela amoled hd 5 '' 16gb 4g wi-fi camera 8mp
samsung galaxy j2 prime tv 8gb dual chip tela 5 '' tv digital 4g camera 8mp android 6.0 processador quad core 1.4 ghz,samsung galaxy j2 prime tv 5 '' 8gb dual chip quad core 4g camera 8mp
samsung galaxy j2 prime tv 8gb dual chip tela 5 '' tv digital 4g camera 8mp android 6.0 processador quad core 1.4 ghz,samsung galaxy j2 prime tv 5 '' 8gb dual chip quad core 4g camera 8mp
samsung galaxy j2 pro tela 5 android 7.1,usado samsung galaxy j2 pro
samsung galaxy j4 j400m 16gb,samsung galaxy j4 j400m/ds 16gb dual chip tela 5.5 '' i vitrine
samsung galaxy j5 prime 32gb 13mp +brindes,samsung galaxy j5 prime 5 '' 4g android 6.0.1 13mp 32gb
samsung galaxy j6 sm-j600g/ds dual sim 32gb,samsung galaxy j6 j600g tela 5.6 '' 32gb 13mp
samsung galaxy j7 neo 16gb tv dual octa,samsung galaxy j7 neo dual chip android 7.0 tela 5.5 '' 16gb 4g camera 13mp tv
samsung galaxy j7 neo 16gb tv dual octa,samsung galaxy j7 neo dual chip android 7.0 tela 5.5 '' 16gb 4g camera 13mp tv
samsung galaxy j7 neo 16gb tela 5.5 '' camera 13mp tv digital hd dual chip android 7.0 processador octa core 2gb ram,samsung galaxy j7 neo tela 5.5 '' android 16gb 2gb ram camera 13mp 5mp
samsung galaxy j7 neo 16gb tela 5.5 '' camera 13mp tv digital hd dual chip android 7.0 processador octa core 2gb ram,samsung galaxy j7 neo tela 5.5 '' android 16gb 2gb ram camera 13mp 5mp
samsung galaxy j7 neo tv tela 5.5 android,samsung galaxy j7 neo dual chip android 7.0 tela 5.5 '' 16gb 4g camera 13mp tv
samsung galaxy j7 prime 2 32gb dual chip,samsung galaxy j7 prime
samsung galaxy j7 prime 2 dual chip android 7.1 tela 5.5 '' octa-core 1.6ghz 32gb 4g camera 13mp tv,samsung galaxy j7 prime 2 dual chip android 7.1 tela 5.5 '' octa-core 1.6ghz 32gb 4g camera 13mp tv
samsung galaxy j7 pro 2017 sm-j730gm dual sim 32g,samsung galaxy j7 pro sm-j7 dual chip 32gb
samsung galaxy j7 pro 64gb 4g j730 12x juros,samsung galaxy j7 pro sm-j7 dual chip 32gb
samsung galaxy j7 pro 64gb 4g j730,samsung galaxy j7 pro sm-j7 dual chip 32gb
"samsung galaxy j7 pro tela 5,5 '' android 7",samsung galaxy j7 pro sm-j7 dual chip 32gb
samsung galaxy on7 g600fy 4g dual tela 5.5 polegadas 16gb camera 13mp android 5.1,samsung galaxy a7 dual chip android 4.4 tela 5.5 '' 16gb 4g camera 13mp
samsung galaxy pocket 2 duos sm-g110b dual chip android 4.4 wi-fi 3g gps camera 2mp fm mp3 tooth,samsung galaxy pocket 2 duos g110b 4gb wi-fi gps camera 2mp 3g android 4.4 kit-kat
samsung galaxy s4 mini duos dual chip tela 4.3 '' android 4.2 camera 8mp processador dual core 1.7 ghz claro galaxy s4 mini duos,usado galaxy s4 mini duos 8gb
samsung galaxy s5 duos sm-g900 dual chip tela 5.1 '' android 4.4 4g camera 16mp processador quad core 2.5ghz,samsung galaxy s5 sm g900 m 16gb quad-core 2.5ghz tela full hd 5.1 polegadas ca
samsung galaxy s5 sm-g900m tela 5.1 '' android 4.4 4g camera 16mp processador quad core 2.5ghz,samsung galaxy s5 sm-g900m android 4.4 tela 5.1 '' 16gb 4g wi-fi gps
samsung galaxy s5 sm-g900m tela 5.1 '' android 4.4 4g camera 16mp processador quad core 2.5ghz,samsung galaxy s5 sm-g900m android 4.4 tela 5.1 '' 16gb 4g wi-fi gps
samsung galaxy s6 edge g925i 32gb vitrine,galaxy s6 edge g925i samsung 32gb
samsung galaxy s6 edge sm-g925i 64gb tela 5.1 '' android 5.0 4g camera 16 mp processador octa core,galaxy s6 edge samsung g925i 64gb
samsung galaxy s6 edge sm-g925i 64gb tela 5.1 '' android 5.0 4g camera 16 mp processador octa core,galaxy s6 edge samsung g925i 64gb
samsung galaxy s7 edge 128gb piano+ nota,usado samsung galaxy s7 edge 128gb piano
samsung galaxy s7 edge piano 128gb tela 5.5 '' android 6.0 4g camera 12mp processador octa-core 4gb ram,samsung galaxy s7 edge android 6.0 tela 5.5 '' 128gb 4g camera 12mp piano
samsung galaxy s8 plus dual chip 64gb tela 6.2 '' android 7.0 4g camera 12mp octa-core,samsung galaxy s8+ dual chip android 7.0 tela 6.2 '' octa-core 2.3 ghz 64gb camera 12mp
samsung galaxy s8 plus dual chip 64gb tela 6.2 '' android 7.0 4g camera 12mp octa-core,samsung galaxy s8+ dual chip android 7.0 tela 6.2 '' octa-core 2.3 ghz 64gb camera 12mp
samsung galaxy s8 plus dual chip 64gb tela 6.2 '' android 7.0 4g camera 12mp octa-core claro,samsung galaxy s8+ dual chip android 7.0 tela 6.2 '' 64gb 4g 12mp claro
samsung galaxy s8 plus dual chip 64gb tela 6.2 '' android 7.0 4g camera 12mp octa-core,samsung galaxy s8+ dual chip android 7.0 tela 6.2 '' octa-core 2.3 ghz 64gb camera 12mp
samsung galaxy s8 plus tela 6.2 dual sim 64gb,samsung galaxy s8 plus dual 64gb 6.2 ''
samsung galaxy s8+ 64gb gear vr controle 2,samsung galaxy s8+ 64gb gear vr controle
"samsung galaxy s8+ tela 6,2 android 7.0",samsung galaxy s8 usado
"samsung galaxy s8+ tela 6,2 android 7.0",samsung galaxy s8 usado
samsung galaxy s8+ dual chip android 7.0 tela 6.2 '' octa-core 2.3 ghz 64gb camera 12mp,samsung galaxy s8+ dual chip android 7.0 tela 6.2 '' octa-core 2.3 ghz 64gb camera 12mp
samsung galaxy s9 128gb lacrado c/nf,usado samsung galaxy s9 128gb
samsung galaxy s9 plus 128gb anatel/nf/garantia,samsung galaxy s9 plus 128gb usado
samsung galaxy s9 plus 128gb tela infinita 6.2 '' dual chip android 8.0 camera dupla 12mp 6gb ram processador octa-core,samsung galaxy s9 dual chip android 8.0 tela 5.8 '' octa-core 2.8ghz 128gb 4g camera 12mp
samsung galaxy s9 plus 128gb tela infinita,samsung galaxy s9 plus 128gb usado
samsung galaxy s9 plus 128gb tela infinita 6.2 '' dual chip android 8.0 camera dupla 12mp 6gb ram processador octa-core,samsung galaxy s9 dual chip android 8.0 tela 5.8 '' octa-core 2.8ghz 128gb 4g camera 12mp
samsung galaxy s9 plus ultraa 128gb tela infinita 6.2 '' dual chip android 8.0 camera dupla 12mp 6gb ram processador octacore,usado samsung galaxy s9 plus 128gb ultraa
samsung galaxy s9+ dual chip android 8.0 tela 6.2 '' octa-core 2.8ghz 128gb 4g camera 12mp dual cam ultraa,samsung galaxy s9+ dual chip android 8.0 tela 6.2 '' octa-core 2.8ghz 128gb 4g camera 12mp dual cam ultraa
samsung galaxy win 2 duos tv dual chip tela 4.5 '' tv digital android 4.4 cam 5mp processador quad core de1.2 ghz,samsung galaxy win 2 duos dual chip android 4.4 tela 4.5 '' 8gb 4g camera 5mp tv digital
samsung galaxy win 2 duos tv g360bt dual chip tela 4.5 '' tv digital android 4.4 cam 5mp processador quad core 1.2ghz,samsung galaxy win 2 duos dual chip android 4.4 tela 4.5 '' 8gb 4g camera 5mp tv digital
samsung galaxy win 2 duos tv g360bt dual chip tela 4.5 '' tv digital android 4.4 cam 5mp processador quad core 1.2 ghz,samsung galaxy win 2 duos dual chip android 4.4 tela 4.5 '' 8gb 4g camera 5mp tv digital
samsung galaxy young 2 duos g130m tela 3.5 '' dual chip android 4.4 3g wi-fi gps radio fm camera 3mp,samsung galaxy young 2 duos g130m tela 3.5 '' dual chip android 4.4 3g wi-fi
samsung galaxy young 2 duos g130m tela 3.5 '' dual chip android 4.4 3g wi-fi gps radio fm camera 3mp,samsung galaxy young 2 duos g130m tela 3.5 '' dual chip android 4.4 3g wi-fi
sony xperia xa1 g3116 32gb tela 5 '' hd dual chip camera 23mp 4g android 7.0 processador octa-core 3gb ram,sony xperia xa1 g3116 tela 5 '' 32gb 23mp
"sony xperia xa1 plus g3426 32gb tela 5,5 '' dual chip camera 23mp 4g android 7.0 processador octa-core 4gb ram",sony xperia xa1 5 '' camera 23mp 32gb octa core 3gb ram
"sony xperia xa1 plus g3426 32gb tela 5,5 '' dual chip camera 23mp 4g android 7.0 processador octa-core 4gb ram",sony xperia xa1 5 '' camera 23mp 32gb octa core 3gb ram
sony xperia xa1 ultra g3223 32gb 1sim,sony xperia xa1 ultra g3223 4gb/32gb lte 1sim 6.0 '' cam.23mp+16mp-
"sony xperia xz1 g8341 64gb tela 5,2 '' single chip camera 19mp 4g android 8.0 processador octa-core 4gb ram",sony g8341 xperia xz1 single chip android tela 5.2 '' octa-core 64gb 4g camera 13mp
"sony xperia xz1 g8341 64gb tela 5,2 '' single chip camera 19mp 4g android 8.0 processador octa-core 4gb ram",sony g8341 xperia xz1 single chip android tela 5.2 '' octa-core 64gb 4g camera 13mp
"sony xperia xz1 g8341 64gb tela 5,2 '' single chip camera 19mp 4g android 8.0 processador octa-core 4gb ram",sony g8341 xperia xz1 single chip android tela 5.2 '' octa-core 64gb 4g camera 13mp
xiaomi mi 8 64gb/6gb dual sim global p/ entrega,mi 9 64gb dual sim versao global 6gb ram
xiaomi mi 8 64gb/6gb dual sim global p/ entrega,mi 9 64gb dual sim versao global 6gb ram
xiaomi mi 8 dualchip 128gb/6gb versao global,xiaomi mi 8 lite versao global
xiaomi mi a2 4gb/64gb dual sim tela 5.99 '' global,xiaomi mi 8 lite versao global--64gb
xiaomi mi a2 4gb/64gb dual sim tela 5.99 '' global,xiaomi mi 8 lite versao global--64gb
xiaomi mi a2 4gb/64gb dual sim tela 5.99 '' global,xiaomi mi 8 lite versao global--64gb
xiaomi mi a2 64gb dualsim 4gb 5.99 versao global,xiaomi mi 8 lite versao global--64gb
xiaomi mi a2 dual sim 32g 5.99 ver cores,xiaomi mi 8 lite versao global
xiaomi mi a2 dual sim 32g 5.99 ver cores,xiaomi mi 8 lite versao global
xiaomi mi a2 dualsim 4gb/32gb 5.99 versao global,xiaomi mi 8 lite versao global
xiaomi mi a2 dualsim 4gb/32gb 5.99 versao global,xiaomi mi 8 lite versao global
"xiaomi mi a2 lite 4gb ram 64gb 4000mah 4g 5,84",xiaomi mi 8 lite 6.26 pol ram 4gb 64gb 4g dual chip camera dupla 12/5mp
xiaomi mi a2 lite 64gb mem 4gb ram 4g,xiaomi mi 8 lite 6.26 pol ram 4gb 64gb 4g dual chip camera dupla 12/5mp
xiaomi mi a2 lite global 3gb ram 32gb p/ entrega,xiaomi mi 8 lite versao global
xiaomi mi a2 lite global 3gb ram 32gb p/ entrega,xiaomi mi 8 lite versao global
xiaomi mi a2 lite global 3gb ram 32gb p/ entrega,xiaomi mi 8 lite versao global
xiaomi mi a2 lite global 3gb ram 32gb p/ entrega,xiaomi mi 8 lite versao global
xiaomi mi a2 lite global 4gb ram 64gb p/ entrega,xiaomi mi 8 lite versao global--64gb
xiaomi mi mix 2s dual sim 64gb-5.99 12mp,xiaomi mi 8 lite versao global--64gb
xiaomi mi mi a2 lite 64gb dual 4gb ram global,xiaomi mi 8 lite versao global--64gb
xiaomi mi note 4 32gb 3gb ram dual chip global,xiaomi mi 8 lite versao global
xiaomi mi note 4x 64gb 4gb rom global,xiaomi mi 8 lite versao global--64gb
xiaomi mi note 5 32gb 3gb original,xiaomi mi 7 tela infinita 6.26 pol ram 3gb 32gb camera dupla 12/2mp
xiaomi mi note 5 32gb mem 3gb ram dual 5.99pol,motorola moto g6 32gb mem 3gb ram 2 chip 4g
xiaomi mi note 5 64gb 4gb ram 4g tela 5.99,xiaomi mi note 6 pro 6.26 pol ram 4gb 64gb 4g dual chip camera dupla 12/5mp
xiaomi mi note 5 64gb mem 4gb ram dual 5.99pol,xiaomi mi note 6 pro 6.26 pol ram 4gb 64gb 4g dual chip camera dupla 12/5mp
xiaomi mi note 5 64gb mem 4gb ram dual 5.99pol,xiaomi mi note 6 pro 6.26 pol ram 4gb 64gb 4g dual chip camera dupla 12/5mp
apple iphone 5s 16gb 4g 100 original promocao envio ja,iphone 5s apple 16gb
apple iphone 6 64gb novo lacrado nota fiscal,apple iphone 6 32gb novo lacrado
apple iphone 6 64gb rfb lacrado oferta imperdivel confira,apple iphone 6 32gb novo lacrado
apple iphone 7 128gb original 4g nacional 12mpx ios| vitrine,iphone 32gb nacional
apple iphone 7 plus 256gb lacrado garantia ano +2 brindes,apple iphone 6s 16gb lacrado garantia 2 anos
apple iphone 8 64gb lacrado anatel,asus zenfone 2 lacrado anatel 64gb 4gb ram
apple iphone 8 64gb lacrado original,apple iphone 6 32gb novo lacrado
apple iphone 8 64gb vitrine garantia 3 meses promocao,iphone apple 64gb
apple iphone 8 plus 256gb lacrado 1 ano garantia,apple iphone 6s 16gb lacrado garantia 2 anos
apple iphone 8 plus 64gb anatel,iphone 6 plus 64gb apple
apple iphone 8 plus 64gb anatel 4g 1 ano garantia nf,motorola moto g3 xt1543 16gb novo nacional anatel nf
apple iphone 8 plus 64gb novo lacrado,apple iphone 6 32gb novo lacrado
apple iphone 8 plus 64gb lacrado nota fiscal,apple iphone 6 32gb novo lacrado
apple iphone 8 plus 64gb novo lacrado 1 ano garantia +nf,apple iphone 6s 16gb novo lacrado 2 anos garantia
apple iphone 8 plus 64gb novo lacrado 1 ano garantia anatel,apple iphone 6s 16gb novo lacrado 2 anos garantia
apple iphone x 64gb anatel lacrado,asus zenfone 2 lacrado anatel 64gb 4gb ram
apple iphone x 64gb anatel lacrado,asus zenfone 2 lacrado anatel 64gb 4gb ram
bracadeira esportiva galaxy grand duos s6 s4 s4 s s ate 14 cm x 8 cm preta,usado galaxy s4 mini duos 8gb
"bracadeira esportiva iphone 4 4s 5 5s 5c ate 12,5 x 6 cm preta",iphone 4s 8gb
bracadeira esportiva iphone 6 ate 14 x 8 cm preta,lg k10 m250ev dual chip android 6.0 tela 5.3 octa core 1.14 ghz 16gb 4g camera 13mp
bracadeira samsung galaxy a3,samsung galaxy a3 duos
bracadeira samsung galaxy alpha,samsung galaxy alpha android 4.4 tela 4.7 '' 32gb 4g camera 12mp
bracadeira samsung galaxy s4 mini,usado galaxy s4 mini duos 8gb
bracadeira samsung galaxy s5 mini,usado galaxy s5 mini duos samsung 16gb
bumber samsung galaxy note 2,galaxy note 5 samsung
cabo dados colorido micro usb samsung lg nokia motorola v8,cabo micro usb multilaser wi298 samsung motorola colors
galaxy s9 plus 128 gb,iphone 6s plus 128 gb
lg k4 android barato 2017 whats original,lg k4 4g
moto e4 plus 5.5 16gb biometria dual sim,motorola moto e4 plus 3+16gb
moto e4 plus 5.5 16gb biometria dual sim,motorola moto e4 plus 3+16gb
motorola moto c xt1750 8gb dual chip,motorola moto c 8gb xt1750
motorola moto z2 play 64gb xt1710-08,usado moto z2 play motorola xt1710 dual 64gb
motorola moto z3 play tela 6,usado motorola moto z3 play 64gb
motorola moto z3 play tela 6,usado motorola moto z3 play 64gb
samsung galaxy s9+ tela 6.2 128gb,usado samsung galaxy s9 128gb
samsung galaxy s9+ 128gb,usado samsung galaxy s9 128gb
tp-link neffos c5l 4g lte 4.5 '' 8gb,tp link neffos y5
xiaomi mi 5 plus 32gb novo,xiaomi mi 8 lite versao global
alcatel pixi 4 5010e lite dual chip tv digital tela 5 '' 8gb camera 8mp frontal 8mp c,alcatel pixi 4 colors 5 '' 5010e / camera 8mp tela 5 '' cartao microsd 8gb
barato original motorola g5 s 32gb envio24h 4 gb ram,motorola moto g g5 s plus 32gb original
blu samba jr q53 dual chip,blu win jr dual chip camera vga dual core
caterpillar cat s60 32gb cam termica 4g original,cat s60 dualsim 4g 3g ram 32gb
caterpillar cat s60 dual chip 32gb 4g 100 original,cat s60 dualsim 4g 3g ram 32gb
caterpillar cat s60 dual chip 32gb 4g original c/ nf,cat s60 dualsim 4g 3g ram 32gb
galaxy j2 prime 4g samsung 8gb original,samsung j2 prime 8gb dual chip
galaxy j7 neo tv tela 5.5 android brinde,samsung galaxy j7 neo dual chip android 7.0 tela 5.5 '' 16gb 4g camera 13mp tv
galaxy j7 pro 64gb cartao sd 8gb gratis,motorola moto g6 64gb tela 5.7 '' cartao sd 16gb
galaxy j7 pro 64gb cartao sd 8gb gratis,motorola moto g6 64gb tela 5.7 '' cartao sd 16gb
galaxy j7 pro 64gb cartao sd 8gb gratis,motorola moto g6 64gb tela 5.7 '' cartao sd 16gb
galaxy j7 pro office 365 personal 1tb,motorola moto c plus tela 5 '' 8gb camera 8mp microsoft office 365 personal
iphone 5s 32gb 100 funcionando 3g 4g b,usado iphone 5s 32gb
iphone 7 32gb original apple vitrine nf,carregador original apple
j810m galaxy j8 64gb,samsung j8 j810m tela 6 dual sim 64gb
lancamento xiaomi mi a2 64gb 4g ram global lacrado,xiaomi mi 8 lite versao global--64gb
lancamento xiaomi mi a2 64gb 4g ram global promocao,xiaomi mi 8 lite versao global--64gb
lg k10 2017 m250dsf dual 32gb,lg k10 2017 m250dsf dual 32gb/2gb /
lg k10 4g original lacrado octacore16gb tela5.3 nota,lg k10 4g
lg k10 dual 4g tela 5.3 2gb ram 2 cameras android 7,lg k10 2017 32gb 2gb ram dual chip cam 13mp 4g
"lg k10 novo 2017 4g m250ds 32gb tela 5,3 original","lg k10 novo 2017 4g m250ds 16gb tela 5,3"
"lg k10 novo 2017 4g m250ds 32gb tiio tela 5,3","lg k10 novo 2017 4g m250ds 16gb tela 5,3"
lg k10 power lgm320tv dual chip 4g wi-fi,"lg k10 power dual chip android 7.0 tela 5,5 '' octacore 32gb 4g wi-fi camera 13mp tiio"
lg k10 power m320tv 32gb tela 5.5 '' 4g,lg k10 power m320tv 32gb
lg k10 power novo m320tv camera 13mp 32gb,lg k10 power m320tv 32gb
lg k4 8gb x230ds 2017 dual sim 8mpx 5 novo original,lg k4 x230ds 8gb
lg k4 novo 2017 dual sim 8gb tela 5.0 8mp/4mp,lg k4 2017 x230f 8gb tela 5.0 '' 8mp/4mp 6.0 cinz
moto c plus 16gb 4g original,motorola moto g6 plus original 64gb
moto c plus dual chip 16gb,motorola moto e5 plus dual chip 16gb
moto g5 xt1671 novo 32gb orig+brinde+nota fiscal,lg g5 32gb
moto g5s plus 32gb 3gb ram platin+brinde+nota fiscal,motorola moto g5s plus 32gb dual chip 4g tela 5.5
moto g6 play dual chip 5.7 32gb 4g 13mp,"moto g6 play motorola dual tela 5,7 '' 32gb 13mp"
motorola c plus xt1723 dual 16gb original nf,motorola moto g6 plus original 64gb
motorola g5 32gb android tela 5 camera 13mp fone,lg g5 android 6.0 tela 5.3 '' 32gb 4g camera 16mp
motorola moto c 16g plus quad core dual sim tela 5,motorola moto c 16g quad core dual sim 4gtela 5
motorola moto c plus 16g tela 5 frete gratis \o/,motorola moto e4 plus biometria tela 5.5 16g 4glte
motorola moto c plus dual sim 16gb tela 5 2gb ram,motorola moto e5 plus xt1924 16gb 2gb ram
motorola moto c plus xt-1723 5.0 polegadas nf,motorola moto g4 plus xt-1642 5.5 polegadas dual-sim 16gb 4g
motorola moto c plus xt1724 dual 16gb tela 5 fone,motorola moto c plus dual android 7.0 tela 5
motorola moto c plus xt1724 dual sim 16gb tela 5,motorola moto c plus dual android 7.0 tela 5
motorola moto g5 xt1671 32gb dual original,motorola moto g g5 s plus 32gb original
motorola moto g5 xt1677 dual sim 16gb android 7.0,motorola moto g5 xt1677 dual chip android 7.0 tela 5.0 16gb 4g camera 13mp
motorola moto g5s plus 32gb/4gb original grafite,motorola moto g g5 s plus 32gb original
motorola moto g5s plus xt1805 32gb brinde notafiscal,moto g5s plus xt1805 motorola dual sim 32gb tela 5.5 '' dupla camera traseira 13mp/8mp- grafite
motorola moto g6 play 32gb 4g android 8.0,motorola moto g6 play 32gb dual 4g
motorola moto g6 play 32gb 4g android 8.0,motorola moto g6 play 32gb dual 4g
motorola moto g6 play 32gb android 8 4g+microsd 16gb,motorola moto g6 play 32gb dual 4g
motorola moto g6 play 32 gb,"moto g5 s plus dual,4g 5.5 32 gb"
motorola moto g6 play 32 gb xt1922,moto g6 play motorola xt1922-5 32gb
motorola moto g6 play 32 gb xt1922,moto g6 play motorola xt1922-5 32gb
motorola moto g6 play 32 gb xt1922,moto g6 play motorola xt1922-5 32gb
motorola moto g6 play android 8.0 32gb 4g,motorola moto g6 play 32gb dual 4g
motorola moto g6 play android 8.0 32gb 4g,motorola moto g6 play 32gb dual 4g
motorola moto g6 play xt1922 4g 32gb dual android 8,moto g6 play motorola xt1922-5 32gb
motorola moto g6 play xt1922 4g 32gb dual android 8,moto g6 play motorola xt1922-5 32gb
motorola moto g6 plus 64gb 4gb octacore 2.2ghz,motorola moto g6 dual tela 5.7 4gb+64gb
motorola moto g6 plus 64gb 4gb ram tela 5.9,motorola moto g6 dual tela 5.7 4gb+64gb
motorola moto g6 plus dual 64gb 4gbram tv xt1926-8,motorola moto g6 plus xt1926-9 64gb dual-sim
motorola moto z3 play 64gb,usado motorola moto z3 play 64gb
new 100 original motorola moto z2 play 64gb xt1710,usado moto z2 play motorola xt1710 dual 64gb
"novo xiaomi mi a2 64gb 4g 5,99 ram global",xiaomi mi 8 lite versao global--64gb
novo original mi5 plus xiaomi mi 3gb 32gb lacrado,apple iphone 6 32gb novo lacrado
novo xiaomi mi note 5 64gb pro 4gb ram global 4g,xiaomi mi note 6 pro 6.26 pol ram 4gb 64gb 4g dual chip camera dupla 12/5mp
original xiaomi mi note 5 64gb pro 4gb ram global,xiaomi mi note 6 pro 6.26 pol ram 4gb 64gb 4g dual chip camera dupla 12/5mp
positivo twist mini tela 4.0 8mp 8gb 3g android 6.0,positivo twist mini s430 tela 4 '' 8gb 8mp
mi xiaomi 5a 4g 2gb ram 16gb tela 5,moto g 5a geracao 32gb
mi xiaomi 5a 4g 2gb ram 16gb tela 5.0 original,moto g 5a geracao 32gb
mi xiaomi 5a 4g 2gb ram 16gb tela 5.0 p. entrega,moto g 5a geracao 32gb
samsung a530f galaxy a8 duos dual tela 5.6 '' 64gb,galaxy a8 duos 2018 a530f/ds 64gb
samsung galaxy a8 2018 sm-a530f 64gb,galaxy a8 duos 2018 a530f/ds 64gb
samsung galaxy a8 plus 2018 sm-a730f 64gb,galaxy a8+ duos 2018 a730f/ds 64gb
samsung galaxy a8 plus 2018 sm-a730f 64gb,galaxy a8+ duos 2018 a730f/ds 64gb
samsung galaxy a8 plus 6 64gb 4g 16mp,samsung galaxy a8 64gb usado
samsung galaxy j2 prime 16gb dual sim cam 8mp wifi,samsung galaxy j2 prime dual 6 16gb 5 '' 8mp
samsung galaxy j2 pro android 7.1 tela 5 16gb,usado samsung galaxy j2 pro
samsung galaxy j2 pro android 7.1 16gb,usado samsung galaxy j2 pro
samsung galaxy j5 prime 32gb biometria 13mp +brindes,samsung galaxy j5 prime 5 '' 4g android 6.0.1 13mp 32gb
samsung galaxy j5 prime 32gb biometria 13mp +brindes,samsung galaxy j5 prime 5 '' 4g android 6.0.1 13mp 32gb
samsung galaxy j5 prime g570m tela 5 32gb 13mp,galaxy j5 prime samsung g570m/ds duos 32gb
samsung galaxy j5 pro sm-j530g dual chip,galaxy j5 pro samsung j530g/ds 32gb
samsung galaxy j5 pro sm-j530g dual chip,galaxy j5 pro samsung j530g/ds 32gb
samsung galaxy j5 pro sm-j530g dual chip,galaxy j5 pro samsung j530g/ds 32gb
samsung galaxy j5 pro sm-j530g/ds 32gb,galaxy j5 pro samsung j530g/ds 32gb
samsung galaxy j7 neo tela 5.5 flash frontal,samsung galaxy j7 neo 5.5 android 16gb 2gb ram camera 13mp 5mp frontal flash led dual chip
samsung galaxy j7 neo tela 5.5 tv digital,samsung galaxy j7 neo dual chip android 7.0 tela 5.5 '' 16gb 4g camera 13mp tv
samsung galaxy j7 prime 2 32gb brinde,samsung galaxy j7 prime
samsung galaxy j7 prime 2 32gb tv digital,samsung galaxy j7 prime
samsung galaxy j7 prime 2 32gb tv digital,samsung galaxy j7 prime
samsung galaxy j7 prime 2 32gb tv digital,samsung galaxy j7 prime
samsung galaxy j7 prime 2 32gb tv digital,samsung galaxy j7 prime
samsung galaxy j7 prime 2 32gb tv digital,samsung galaxy j7 prime
samsung galaxy j7 prime 2 32gb tv digital,samsung galaxy j7 prime
samsung galaxy j7 prime 2 32gb tv digital nf,samsung galaxy j7 prime
samsung galaxy j7 pro 64gb 5.5 64gb 4g 13mp,samsung galaxy j7 pro 7.0 tela 5.5 '' 64gb 4g wi-fi camera 13mp vivo
samsung galaxy s4 mini 8gb 3g/lte android 4.4,usado galaxy s4 mini duos 8gb
samsung galaxy s9 plus 128gb tela infinita 6.2,samsung galaxy s9 plus 128gb usado
samsung j400m galaxy j4 32 gb,samsung galaxy j4 sm-j400m dual 16 gb 16 gb
samsung j400m galaxy j4 32 gb,samsung galaxy j4 sm-j400m dual 16 gb 16 gb
samsung j400m galaxy j4 32 gb,samsung galaxy j4 sm-j400m dual 16 gb 16 gb
samsung j400m galaxy j4 32 gb,samsung galaxy j4 sm-j400m dual 16 gb 16 gb
samsung j400m galaxy j4 32 gb,samsung galaxy j4 sm-j400m dual 16 gb 16 gb
samsung j400m galaxy j4 32 gb,samsung galaxy j4 sm-j400m dual 16 gb 16 gb
samsung j400m galaxy j4 16 gb,samsung galaxy j4 sm-j400m dual 16 gb 16 gb
samsung j400m galaxy j4 32 gb,samsung galaxy j4 sm-j400m dual 16 gb 16 gb
samsung j400m galaxy j4 32 gb,samsung galaxy j4 sm-j400m dual 16 gb 16 gb
samsung j400m galaxy j4 32 gb,samsung galaxy j4 sm-j400m dual 16 gb 16 gb
samsung j400m galaxy j4 32 gb,samsung galaxy j4 sm-j400m dual 16 gb 16 gb
samsung j400m galaxy j4 a 32 gb,samsung galaxy j4 sm-j400m dual 16 gb 16 gb
samsung j400m galaxy j4 a 32 gb,samsung galaxy j4 sm-j400m dual 16 gb 16 gb
samsung j8 64gb tela 6 '' 4g,samsung galaxy j8 dual chip 4g 64gb tela 6
samsung j8 64gb a tela 6 '' 4g,samsung galaxy j8 dual chip 4g 64gb tela 6
up 2chip quad cam mp3/4 fm /,new up multilaser dual chip camera mp3 radio fm tooth lanterna p9033
xiaomi mi 2 a2 64gb 4g ram global lancamento,xiaomi mi 8 lite versao global--64gb
xiaomi mi 8 64gb 6gb ram global snapdragon 845 top,mi 9 64gb dual sim versao global 6gb ram
xiaomi mi 8 64gb 6gb ram snapdragon 845 global,mi 9 64gb dual sim versao global 6gb ram
xiaomi mi a1 4gb ram 64gb 2 chip,xiaomi mi 8 lite 6.26 pol ram 4gb 64gb 4g dual chip camera dupla 12/5mp
xiaomi mi a1 tela 5.5 4gb ram 64gb 2 chips android,xiaomi mi note 7 tela infinita 6.3 pol ram 4gb 64gb camera dupla 48/5mp
xiaomi mi a2 64gb 4g ram c\nota novo lacrado,apple iphone 6 32gb novo lacrado
xiaomi mi a2 64gb 4g ram c\nota novo lacrado,apple iphone 6 32gb novo lacrado
xiaomi mi a2 lite 64gb 4g ram lacrado envio 24hs,xiaomi mi 8 lite versao global--64gb
xiaomi mi a2 lite global 3gb ram 32gb original,xiaomi mi 8 lite versao global
xiaomi pocophone f1 64gb 6gb c\nota global lacrado,xiaomi pocophone f1 6.18 pol ram 6gb 128gb 4g dual chip camera dupla 12/5 mp
"xiaomi mi 5 tela 5,7 global 3gb ram 32gb interno",xiaomi mi 8 lite versao global
xiaomi mi 6 32gb 3gb 12mp 5.45 '' original global,xiaomi mi 8 lite versao global
xiaomi mi 6 32gb 3gb ram dual cam,xiaomi mi 7 tela infinita 6.26 pol ram 3gb 32gb camera dupla 12/2mp
xiaomi mi 6 32gb 3gb ram dual camera novo lacrado,apple iphone 6 32gb novo lacrado
"xiaomi mi 6 64gb 4g 4gb ram tela 5,45 original",xiaomi mi 8 lite 6.26 pol ram 4gb 64gb 4g dual chip camera dupla 12/5mp
xiaomi mi mi a1 4g dual 64gb 4gb ram 5.5 lacrado,xiaomi mi 8 lite 6.26 pol ram 4gb 64gb 4g dual chip camera dupla 12/5mp
xiaomi mi note 4 64gb 5.5,xiaomi mi note 7 tela infinita 6.3 pol ram 4gb 64gb camera dupla 48/5mp
xiaomi mi note 4x 64gb 4gb ram original lacrado,xiaomi mi note 7 tela infinita 6.3 pol ram 4gb 64gb camera dupla 48/5mp
xiaomi mi note 5 32gb 3gb c/ 3 brindes,xiaomi mi 7 tela infinita 6.26 pol ram 3gb 32gb camera dupla 12/2mp
xiaomi mi note 5 32gb 3gb global,xiaomi mi 8 lite versao global
xiaomi mi note 5 32gb 3gb global lacrado,xiaomi mi 8 lite versao global
xiaomi mi note 5 32gb 3gb global lacrado,xiaomi mi 8 lite versao global
xiaomi mi note 5 32gb global lacrado dual s/juros,xiaomi mi 8 lite versao global
xiaomi mi note 5 64gb 4gb 5.99pol,xiaomi mi note 7 tela infinita 6.3 pol ram 4gb 64gb camera dupla 48/5mp
xiaomi mi note 5 64gb 4gb ram 5.9 nfe novo 12x sj,xiaomi mi note 7 tela infinita 6.3 pol ram 4gb 64gb camera dupla 48/5mp
xiaomi mi note 5 64gb 4gb ram 5.9p 12mp nfe novo,xiaomi mi note 7 tela infinita 6.3 pol ram 4gb 64gb camera dupla 48/5mp
xiaomi mi note 5 64gb global lacrado dual chip,xiaomi mi 8 lite versao global--64gb
xiaomi mi note 5 64gb global lacrado dual s/juros,xiaomi mi 8 lite versao global--64gb
xiaomi mi note 5 pro 64gb 4gb global 12x juro,xiaomi mi 8 lite versao global--64gb
xiaomi mi s2 64gb 4gb ram 4g lacrado *global,xiaomi mi 8 lite versao global--64gb
xiaomin mi note 5 32gb 3gb xiaomi global brinde,xiaomi mi 8 lite versao global
xiaomin mi note 5 64gb 4g ram pronta entrega,xiaomi mi note 6 pro 6.26 pol ram 4gb 64gb 4g dual chip camera dupla 12/5mp
galaxy s4 mini 8gb original samsung novo vitrine,usado galaxy s4 mini duos 8gb
galaxy s5 mini duos g800h,usado galaxy s5 mini duos samsung 16gb
galaxy s7 edge 32gb original samsung g935f vitrine,galaxy s7 edge g935f samsung 32gb
galaxy s8 plus 64gb duos dual chip samsung novo vitrine,samsung galaxy s8 plus dual 64gb 6.2 ''
galaxy s9 plus 128 gb n fiscal r 2750 1x mp,iphone 6s plus 128 gb
galaxy s9+ plus tela 6.2 lacrado anatel,asus zenfone 2 lacrado anatel 64gb 4gb ram
galaxy tab 9.6 wi-fi,tablet samsung tab 10.1 '' full hd 16gb wifi 8mp android 6
interface intelbras quad band central telefonica itc 4100,telefone fio ts 2511 digital intelbras
iphone 5s 32gb novo lacrado garantia vendedor 6 meses,apple iphone 6s 16gb novo lacrado 2 anos garantia
"iphone 6 16gb apple tela 4,7 garantia novo original apple",apple iphone 6s 16gb novo lacrado 2 anos garantia
"iphone 6 16gb apple tela 4,7 original apple tooth",iphone 6 apple 16gb
iphone 6 64gb apple original 4g 4 7 rfb desb vista r 1.499,carregador original apple
iphone 6 64gb novo lacrado garantia 03 meses vendedor,apple iphone 6s 16gb novo lacrado 2 anos garantia
iphone 6 64gb novo lacrado garantia 6 meses vendedor,apple iphone 6s 16gb novo lacrado 2 anos garantia
iphone 6 plus 16gb novo lacrado original apple 6 mes garanti,apple iphone 6 32gb novo lacrado
iphone 6 plus 64gb lacrado cabo lighting,apple iphone 6 32gb novo lacrado
iphone 6 plus 64gb novo lacrado origina apple garantia 6 mes,apple iphone 6s 16gb novo lacrado 2 anos garantia
iphone 6 plus 64gb tela 5 5 12mp 4k touchid apple rfb desbl,iphone 6 plus 64gb apple
iphone 7 128gb 4g 4 7 12mp 4k touchid apple rfb,iphone 6 apple 128gb
iphone 7 plus 256gb lacrado nf garantia apple 2 brindes,apple iphone 6s 16gb lacrado garantia 2 anos
iphone 8 64gb lacrado nf,apple iphone 6 32gb novo lacrado
iphone 8 64gb novo lacrado anatel garantia apple 1 ano,apple iphone 6s 16gb novo lacrado 2 anos garantia
"iphone 8 64gb lacrado nf anatel 3388,88 avista",asus zenfone 2 lacrado anatel 64gb 4gb ram
iphone 8 apple plus 256gb 01 ano garantia envio imediato,apple iphone 6 plus 128gb- envio imediato
"iphone 8 apple plus 256gb tela retina hd 5,5 '' ios 11 dupla camera traseira resistente wi-fi 4g lte nfc -",iphone 8 plus 256gb tela 5.5 '' ios 11 4g wi-fi camera 12mp apple
"iphone 8 apple plus 256gb tela retina hd 5,5 '' ios 11 dupla camera traseira resistente wi-fi 4g lte nfc",iphone 8 plus 256gb tela 5.5 '' ios 11 4g wi-fi camera 12mp apple
"iphone 8 apple plus 256gb tela retina hd 5,5 '' ios 11 dupla camera traseira resistente wi-fi 4g lte nfc prateado",iphone 8 plus 256gb tela 5.5 '' ios 11 4g wi-fi camera 12mp apple
iphone 8 apple plus 64gb,iphone 6 plus 64gb apple
"iphone 8 apple plus 64gb tela retina hd 5,5 '' ios 11 dupla camera traseira resistente wi-fi 4g lte nfc -",iphone 8 plus 64gb tela 5.5 '' ios 11 4g wi-fi camera 12mp apple
"iphone 8 apple plus 64gb tela retina hd 5,5 '' ios 11 dupla camera traseira resistente wi-fi 4g lte nfc",iphone 8 plus 64gb tela 5.5 '' ios 11 4g wi-fi camera 12mp apple
"iphone 8 apple plus 64gb tela retina hd 5,5 '' ios 11 dupla camera traseira resistente wi-fi 4g lte nfc prateado",iphone 8 plus 64gb tela 5.5 '' ios 11 4g wi-fi camera 12mp apple
iphone 8 plus 64gb 4g 1 ano garantia apple nota fiscal,iphone 6 plus 64gb apple
iphone 8 plus 64gb nota fiscal lacrado,apple iphone 6 32gb novo lacrado
iphone 8 plus 64gb garantia 1 ano apple novo lacrado,apple iphone 6s 16gb novo lacrado 2 anos garantia
"iphone 8 plus 64gb nota fiscal lacrado avista 3888,88",apple iphone 6 32gb novo lacrado
"iphone 8 plus 64gb nota fiscal lacrado avista 3888,88",apple iphone 6 32gb novo lacrado
iphone 8 plus 64gb novo lacrado origina garantia 1 ano apple,apple iphone 6s 16gb novo lacrado 2 anos garantia
iphone 8 plus 64gb original lacrado homologado ael,motorola moto g6 plus original 64gb
"iphone 8 plus apple 64gb retina hd 5,5 ios 11 4g",iphone 8 plus 64gb tela 5.5 '' ios 11 4g wi-fi camera 12mp apple
iphone 8 plus apple special edition 256gb tela retina hd 5.5 '' ios11 camera dupla 12mp,iphone 8 plus 256gb special edition tela 5.5 '' ios 11 4g camera 12mp apple
iphone 8 plus apple special edition 64gb tela retina hd 5.5 '' ios11 camera dupla 12mp,iphone 8 plus 256gb special edition tela 5.5 '' ios 11 4g camera 12mp apple
iphone apple 8 64gb plus debloq s/juros leia anuncio,iphone 6 plus 64gb apple
iphone apple x 64gb novo lacrado 5.8 garantia 01 ano,apple iphone 6s 16gb novo lacrado 2 anos garantia
iphone x 64gb apple lacrado,apple iphone 6 32gb novo lacrado
iphone x 64gb novo lacrado anatel nf garantia apple,apple iphone 6s 16gb novo lacrado 2 anos garantia
iphone x 64gb novo lacrado cpo original garantia 1 ano apple,apple iphone 6s 16gb novo lacrado 2 anos garantia
iphone x 64gb envio imediato 1 ano garantia,iphone 6s 64gb envio imediato
kit capapelicula samsung galaxy duos s6102,samsung galaxy gran prime duos chip android 4.4 kit kat tela 5 '' 8gb 3g camera 8mp
kit capapelicula samsung galaxy y/y tv s5360,samsung galaxy y barbie gt-s5360 android 2.3 wi-fi 3g
kit lentes 3 1 fisheye macro wide,kit gamer macro multilaser mouse mo207 teclado led tc199
lancamento cat s61 tela 5.2 64gb 4g dual sim,cat s31
lancamento xiaomi mi s2 32gb dual sim rom global oreo 8.1,xiaomi mi 8 lite versao global
lancamento xiaomi mi s2 64gb dual sim rom global oreo 8.1,xiaomi mi 8 lite versao global--64gb
lg k10 novo 2017 lgm250ds 32gb lacrado,apple iphone 6 32gb novo lacrado
mega promocao samsung galaxy s6 edge g925 32gb -vitrine,samsung galaxy s6 edge g925 32gb camera 16mp tela 5.1
mirror cast multilaser au906 espelhamento tela ios android,mirror cast multilaser au906 espelhamento tela ios android
novo xiaomi mi note 5 64gb 4gb ram versao global,xiaomi mi 8 lite versao global--64gb
promocao moto e4 plus 5.5 16gb biometria,motorola moto e4 plus 3+16gb
promocao moto e4 plus 5.5 16gb top,motorola moto e4 plus 3+16gb
promocao samsung galaxy s6 edge 64gb g925 vitrine,samsung galaxy s6 edge g925 32gb camera 16mp tela 5.1
promocao xiaomi mi note 5 64gb 4gb android note5,xiaomi mi note 7 tela infinita 6.3 pol ram 4gb 64gb camera dupla 48/5mp
pulseira bracelete cabo dados iphone 5 5s 5c 6 6 plus,iphone 5c apple 8gb usado
samsung a510 galaxy a5 2016 anatel nf 16gb i vitrine,usado samsung galaxy a5 2016
samsung g935 galaxy s7 edge 32gb 4g original i vitrine,galaxy s7 edge samsung 32gb
samsung galaxy a7 2017 a720f 32gb.7 4g 16mp 3gb+ nota,galaxy a7 samsung 2017 32gb dual a720f/ds
samsung galaxy grand prime+ plus lacrado 4g melhor j2 j3 j5,samsung galaxy grand prime
samsung galaxy j5 prime 32gb nota fiscal,samsung galaxy j5 prime usado
samsung galaxy j5 prime leitor digital anatel g570m,galaxy j5 prime samsung g570m/ds duos 32gb
samsung galaxy j7 prime 2 tv,samsung galaxy j7 prime
samsung galaxy j7 prime 32gb original usado,samsung galaxy j7 prime usado
samsung galaxy j7 prime g610f 32gb octa-core nota fiscal,galaxy j7 prime dual samsung g610f/ds 16gb
samsung galaxy k zoom c115 20mp 4g wifi tela demonstracao,"samsung galaxy j7 dual tela 5.5,4g/wifi,13mp,16gb-"
samsung galaxy pocket 2 duos g110 android 3g novo,samsung galaxy pocket 2 g110 camera 2mp android 4.4 dual chip bivolt bivolt
samsung galaxy pocket 2 duos g110 android 3g vitrine,samsung galaxy pocket 2 g110 camera 2mp android 4.4 dual chip bivolt bivolt
samsung galaxy pocket plus s5301 android 4.0 vitrine,samsung galaxy pocket s5301 4gb wi-fi gps 3g android 2.3
samsung galaxy s3 gt i9300 16gb siii 8mp 3g vitrine,samsung galaxy siii gt-i9300
samsung galaxy s5 16gb 4g g900m,galaxy s5 samsung g900m 16gb usado
samsung galaxy s5 g900m 16gb 4g,galaxy s5 samsung g900m 16gb usado
samsung galaxy s5 duos 4g sm g900md original nfe,usado galaxy s5 g900md 4g 16gb
samsung galaxy s5 g900 original 16gb semi novo,samsung galaxy s5 g900
samsung galaxy s5 g900m 16gb original usado mancha tela,galaxy s5 samsung g900m 16gb usado
samsung galaxy s5 mini duos g800 16gb dual chip vitrine,samsung galaxy s5 mini duos g800 -sm-g800hzwqzto
samsung galaxy s5 original g900m original,galaxy s5 samsung g900m 16gb usado
samsung galaxy s8 5.8in 64gb camera 12mp+8mp,samsung galaxy s8 64gb
samsung galaxy s8 64gb duos original novo vitrine g950fd,galaxy s8 duos 4g 64gb g950fd usado
samsung galaxy s9 128gb 5.8 2.8ghz 12mp lacrado anatel +nfe,samsung galaxy s9 dual chip android 8.0 tela 5.8 '' octa-core 2.8ghz 128gb 4g camera 12mp
samsung galaxy s9 128gb sm-g9600/ds anatel lacrado,usado samsung galaxy s9 g9600/ds 128gb
samsung galaxy s9 plus 128gb 6gb ram nacional nf,samsung galaxy s9 plus 128gb usado
"samsung galaxy s9 tela 5,8 128gb 12mp original anatel nf",samsung galaxy s9 dual 128gb 5.8 '' 12mp
samsung galaxy s9+,usado samsung galaxy s9 128gb
samsung galaxy s9+ plus 128gb lacrado nacional,samsung galaxy s9 plus 128gb usado
samsung galaxy s9+ s9 plus anatel 128gb lacrado nf garantia,samsung galaxy s9 plus 128gb usado
samsung j810m galaxy j8 64gb,samsung j8 j810m tela 6 dual sim 64gb
suporte veicular 360deguniversal s/es/gps4.3,carregador veicular fio inducao suporte magnetico
suporte veicular universal volante,carregador veicular fio inducao suporte magnetico
suporte veicular volante carro gps iphone / / / / unico unico unico unico,carregador veicular fio inducao suporte magnetico
"tablet samsung galaxy tab 4g sm-p355m,8,16gb camera 5mp android 5.0 quad core 1.2 ghz",tablet samsung tab 10.1 '' full hd 16gb wifi 8mp android 6
"xiaomi mi 8 64gb 6gb dual tela 6,2 snapdragon 845 rom global",mi 9 64gb dual sim versao global 6gb ram
xiaomi mi a1 5x dual chip 64gb 4gb ram 4g,xiaomi mi 8 lite 6.26 pol ram 4gb 64gb 4g dual chip camera dupla 12/5mp
"xiaomi mi a2 128gb 6gb 20mp tela 5,99 snapdragon 660 android",xiaomi mi 8 lite 6.26 pol ram 6gb 128gb 4g dual chip camera dupla 12/5mp
"xiaomi mi a2 32gb 4gb 20mp tela 5,99 snapdragon 660 android",xiaomi mi 8 lite versao global
"xiaomi mi a2 64gb 4gb 20mp tela 5,99 snapdragon 660 android",xiaomi mi 8 lite versao global--64gb
xiaomi mi a2 global 4gb ram 64gb 20mp snapdragon 660 android,xiaomi mi 8 lite versao global--64gb
"xiaomi mi a2 lite 32gb 3gb dual chip tela 5,84 rom global",xiaomi mi 8 lite versao global
"xiaomi mi a2 lite 64gb 4gb dual chip tela 5,84 rom global",xiaomi mi 8 lite versao global--64gb
xiaomi mi a2 lite 64gb 4gb dual chip tela 5.84 rom global,xiaomi mi 8 lite versao global--64gb
xiaomi mi a2 lite 64gb/4gb ram v. global juros,xiaomi mi 8 lite versao global--64gb
xiaomi mi mix 2s global 64gb pronta entrega,xiaomi mi 8 lite versao global--64gb
"xiaomi mi 5 plus 32gb 3gb dual chip rom global tela 5,99",xiaomi mi 8 lite versao global
"xiaomi mi 5 plus 64gb 4gb dual chip rom global tela 5,99",xiaomi mi 8 lite versao global--64gb
"xiaomi mi 6 64gb 4g 4gb ram tela 5,45 android 8.1",xiaomi mi 8 lite 6.26 pol ram 4gb 64gb 4g dual chip camera dupla 12/5mp
xiaomi mi note 5 64gb 4gb ram v. global,xiaomi mi 8 lite versao global--64gb
xiaomi mi note 5 64gb dual global combo nota fiscal,xiaomi mi 8 lite versao global--64gb
zenfone 4 selfie asus 4g 64gb 4gb 20+8 mp zd553kl,asus zenfone 4 selfie zd553kl dual sim 64gb 5.5 16mp-20+8mp
